Data;29033 - Comprometimento de renda das famÝlias com juros da dÝvida com o Sistema Financeiro Nacional - Com ajuste sazonal (RNDBF) - %;29034 - Comprometimento de renda das famÝlias com o serviþo da dÝvida com o Sistema Financeiro Nacional - Com ajuste sazonal (RNDBF) - %;29035 - Comprometimento de renda das famÝlias com o serviþo da dÝvida com o Sistema Financeiro Nacional exceto crÚdito habitacional - Com ajuste sazonal (RNDBF) - %;29036 - Comprometimento de renda das famÝlias com amortizaþÒo da dÝvida com o Sistema Financeiro Nacional - Com ajuste sazonal (RNDBF) - %;29037 - Endividamento das famÝlias com o Sistema Financeiro Nacional em relaþÒo Ó renda acumulada dos ·ltimos doze meses (RNDBF) - %;29038 - Endividamento das famÝlias com o Sistema Financeiro Nacional exceto crÚdito habitacional em relaþÒo Ó renda acumulada dos ·ltimos 12 meses (RNDBF) - %;29263 - Comprometimento de renda das famÝlias com amortizaþÒo da dÝvida com o Sistema Financeiro Nacional - Sem ajuste sazonal (RNDBF) - %;29264 - Comprometimento de renda das famÝlias com juros da dÝvida com o Sistema Financeiro Nacional - Sem ajuste sazonal (RNDBF) - %;29265 - Comprometimento de renda das famÝlias com o serviþo da dÝvida com o Sistema Financeiro Nacional - Sem ajuste sazonal (RNDBF) - %;29266 - Comprometimento de renda das famÝlias com o serviþo da dÝvida com o Sistema Financeiro Nacional exceto crÚdito habitacional - Sem ajuste sazonal (RNDBF) - %
01/2005;-;-;-;-;16,51 ;13,84 ;-;-;-;-
02/2005;-;-;-;-;16,84 ;14,19 ;-;-;-;-
03/2005;5,07 ;17,00 ;16,61 ;11,93 ;17,20 ;14,56 ;12,01 ;5,14 ;17,15 ;16,78
04/2005;5,11 ;17,20 ;16,85 ;12,09 ;17,60 ;14,96 ;12,57 ;5,40 ;17,97 ;17,59
05/2005;5,19 ;17,42 ;17,09 ;12,23 ;17,96 ;15,32 ;12,82 ;5,52 ;18,34 ;17,98
06/2005;5,25 ;17,55 ;17,21 ;12,30 ;18,12 ;15,48 ;12,48 ;5,41 ;17,89 ;17,54
07/2005;5,33 ;17,71 ;17,33 ;12,38 ;18,40 ;15,74 ;12,19 ;5,31 ;17,50 ;17,17
08/2005;5,46 ;17,93 ;17,54 ;12,47 ;18,85 ;16,19 ;12,23 ;5,37 ;17,60 ;17,23
09/2005;5,61 ;18,29 ;18,01 ;12,68 ;19,11 ;16,43 ;12,64 ;5,58 ;18,22 ;17,87
10/2005;5,73 ;18,55 ;18,20 ;12,82 ;19,37 ;16,68 ;12,85 ;5,74 ;18,59 ;18,22
11/2005;5,73 ;18,63 ;18,29 ;12,90 ;19,61 ;16,92 ;12,80 ;5,69 ;18,49 ;18,12
12/2005;5,80 ;18,68 ;18,31 ;12,88 ;19,56 ;16,84 ;12,61 ;5,56 ;18,17 ;17,81
01/2006;5,83 ;18,68 ;18,36 ;12,85 ;19,89 ;17,14 ;12,48 ;5,51 ;17,99 ;17,63
02/2006;5,88 ;18,95 ;18,53 ;13,07 ;20,11 ;17,36 ;12,92 ;5,71 ;18,63 ;18,25
03/2006;5,93 ;19,28 ;18,87 ;13,35 ;20,45 ;17,66 ;13,45 ;6,01 ;19,46 ;19,07
04/2006;6,00 ;19,53 ;19,16 ;13,53 ;20,78 ;17,96 ;14,00 ;6,31 ;20,31 ;19,90
05/2006;6,02 ;19,56 ;19,19 ;13,54 ;21,07 ;18,23 ;14,13 ;6,35 ;20,48 ;20,08
06/2006;6,00 ;19,55 ;19,16 ;13,55 ;21,16 ;18,28 ;13,74 ;6,16 ;19,90 ;19,51
07/2006;6,02 ;19,50 ;19,10 ;13,48 ;21,39 ;18,47 ;13,32 ;6,00 ;19,32 ;18,94
08/2006;6,10 ;19,65 ;19,22 ;13,55 ;21,65 ;18,71 ;13,31 ;6,00 ;19,31 ;18,91
09/2006;6,03 ;19,51 ;19,14 ;13,48 ;21,74 ;18,81 ;13,41 ;6,00 ;19,41 ;19,01
10/2006;6,01 ;19,43 ;19,06 ;13,42 ;21,85 ;18,89 ;13,44 ;6,03 ;19,47 ;19,09
11/2006;5,94 ;19,26 ;18,90 ;13,32 ;22,07 ;19,08 ;13,22 ;5,91 ;19,13 ;18,75
12/2006;6,09 ;19,50 ;19,08 ;13,41 ;21,98 ;18,99 ;13,14 ;5,87 ;19,01 ;18,64
01/2007;6,12 ;19,39 ;18,98 ;13,27 ;22,28 ;19,24 ;12,90 ;5,81 ;18,71 ;18,32
02/2007;6,11 ;19,27 ;18,83 ;13,16 ;22,48 ;19,43 ;13,02 ;5,94 ;18,96 ;18,57
03/2007;6,09 ;18,93 ;18,52 ;12,84 ;22,04 ;19,07 ;12,96 ;6,17 ;19,13 ;18,72
04/2007;6,11 ;18,75 ;18,36 ;12,64 ;22,36 ;19,38 ;13,08 ;6,42 ;19,50 ;19,10
05/2007;6,18 ;18,56 ;18,17 ;12,38 ;22,88 ;19,87 ;12,95 ;6,51 ;19,46 ;19,04
06/2007;6,27 ;18,87 ;18,47 ;12,60 ;23,09 ;20,05 ;12,82 ;6,43 ;19,25 ;18,85
07/2007;6,39 ;19,23 ;18,83 ;12,84 ;23,57 ;20,52 ;12,72 ;6,36 ;19,08 ;18,70
08/2007;6,43 ;19,43 ;18,97 ;13,00 ;23,77 ;20,68 ;12,74 ;6,33 ;19,07 ;18,66
09/2007;6,40 ;19,29 ;18,93 ;12,89 ;23,97 ;20,85 ;12,76 ;6,36 ;19,12 ;18,73
10/2007;6,38 ;19,28 ;18,90 ;12,90 ;24,56 ;21,41 ;12,90 ;6,40 ;19,30 ;18,89
11/2007;6,39 ;19,43 ;19,04 ;13,04 ;24,88 ;21,70 ;12,95 ;6,38 ;19,33 ;18,92
12/2007;6,35 ;19,37 ;18,95 ;13,02 ;24,96 ;21,74 ;12,74 ;6,14 ;18,88 ;18,49
01/2008;6,46 ;19,62 ;19,19 ;13,16 ;25,29 ;22,05 ;12,81 ;6,17 ;18,98 ;18,59
02/2008;6,55 ;19,85 ;19,47 ;13,30 ;25,50 ;22,24 ;13,19 ;6,33 ;19,52 ;19,10
03/2008;6,67 ;20,24 ;19,80 ;13,57 ;25,99 ;22,68 ;13,74 ;6,79 ;20,53 ;20,09
04/2008;6,70 ;20,41 ;19,97 ;13,71 ;26,45 ;23,09 ;14,13 ;7,00 ;21,13 ;20,67
05/2008;6,70 ;20,44 ;20,01 ;13,74 ;26,80 ;23,39 ;14,28 ;7,02 ;21,30 ;20,86
06/2008;6,72 ;20,41 ;20,00 ;13,69 ;26,92 ;23,44 ;13,96 ;6,89 ;20,85 ;20,42
07/2008;6,76 ;20,47 ;20,03 ;13,71 ;27,15 ;23,60 ;13,62 ;6,73 ;20,35 ;19,91
08/2008;6,82 ;20,58 ;20,12 ;13,76 ;27,25 ;23,63 ;13,46 ;6,69 ;20,15 ;19,72
09/2008;6,91 ;20,64 ;20,22 ;13,73 ;27,41 ;23,70 ;13,50 ;6,82 ;20,32 ;19,86
10/2008;7,00 ;20,77 ;20,31 ;13,77 ;27,78 ;24,01 ;13,73 ;7,02 ;20,75 ;20,27
11/2008;7,06 ;20,77 ;20,32 ;13,71 ;27,46 ;23,62 ;13,62 ;7,06 ;20,68 ;20,20
12/2008;7,09 ;20,87 ;20,36 ;13,78 ;27,44 ;23,53 ;13,52 ;6,88 ;20,40 ;19,93
01/2009;7,10 ;20,89 ;20,38 ;13,79 ;27,26 ;23,32 ;13,49 ;6,82 ;20,31 ;19,84
02/2009;7,11 ;21,00 ;20,47 ;13,89 ;27,26 ;23,28 ;13,84 ;6,95 ;20,79 ;20,32
03/2009;7,13 ;21,06 ;20,56 ;13,93 ;27,32 ;23,27 ;14,15 ;7,25 ;21,40 ;20,90
04/2009;7,13 ;21,16 ;20,64 ;14,03 ;27,49 ;23,38 ;14,42 ;7,43 ;21,85 ;21,33
05/2009;7,12 ;21,34 ;20,86 ;14,22 ;27,85 ;23,65 ;14,73 ;7,43 ;22,16 ;21,65
06/2009;7,10 ;21,66 ;21,18 ;14,56 ;28,01 ;23,71 ;14,85 ;7,27 ;22,12 ;21,60
07/2009;7,04 ;21,81 ;21,29 ;14,77 ;28,15 ;23,72 ;14,67 ;7,01 ;21,68 ;21,17
08/2009;7,04 ;21,89 ;21,35 ;14,85 ;28,42 ;23,87 ;14,49 ;6,90 ;21,39 ;20,86
09/2009;7,05 ;21,99 ;21,44 ;14,94 ;28,76 ;24,07 ;14,62 ;6,95 ;21,57 ;21,03
10/2009;7,07 ;22,15 ;21,62 ;15,08 ;28,93 ;24,16 ;15,02 ;7,08 ;22,10 ;21,53
11/2009;7,05 ;22,22 ;21,67 ;15,17 ;29,12 ;24,31 ;15,09 ;7,05 ;22,14 ;21,56
12/2009;6,99 ;22,20 ;21,59 ;15,21 ;29,45 ;24,53 ;14,98 ;6,78 ;21,76 ;21,19
01/2010;6,99 ;22,30 ;21,67 ;15,31 ;29,82 ;24,65 ;15,09 ;6,74 ;21,83 ;21,26
02/2010;6,95 ;22,27 ;21,61 ;15,32 ;29,95 ;24,67 ;15,33 ;6,81 ;22,14 ;21,55
03/2010;6,94 ;22,34 ;21,69 ;15,40 ;30,35 ;24,92 ;15,69 ;7,07 ;22,76 ;22,11
04/2010;6,93 ;22,48 ;21,91 ;15,55 ;30,70 ;25,11 ;15,94 ;7,19 ;23,13 ;22,50
05/2010;6,98 ;22,72 ;22,11 ;15,74 ;31,19 ;25,45 ;16,24 ;7,30 ;23,54 ;22,89
06/2010;7,10 ;23,04 ;22,39 ;15,94 ;31,41 ;25,51 ;16,21 ;7,28 ;23,49 ;22,82
07/2010;7,15 ;23,09 ;22,47 ;15,94 ;32,03 ;25,94 ;15,79 ;7,10 ;22,89 ;22,23
08/2010;7,14 ;23,13 ;22,43 ;15,99 ;32,34 ;26,09 ;15,56 ;6,99 ;22,55 ;21,88
09/2010;7,14 ;23,23 ;22,54 ;16,09 ;32,65 ;26,22 ;15,68 ;7,04 ;22,72 ;22,05
10/2010;7,11 ;23,18 ;22,49 ;16,07 ;32,94 ;26,39 ;15,97 ;7,12 ;23,09 ;22,39
11/2010;7,21 ;23,54 ;22,82 ;16,33 ;33,46 ;26,74 ;16,24 ;7,21 ;23,45 ;22,73
12/2010;7,31 ;23,96 ;23,17 ;16,65 ;33,97 ;27,04 ;16,47 ;7,12 ;23,59 ;22,89
01/2011;7,40 ;24,19 ;23,40 ;16,79 ;34,10 ;27,06 ;16,64 ;7,17 ;23,81 ;23,10
02/2011;7,39 ;23,96 ;23,16 ;16,57 ;34,23 ;27,07 ;16,66 ;7,25 ;23,91 ;23,14
03/2011;7,41 ;23,92 ;23,03 ;16,51 ;34,86 ;27,56 ;16,89 ;7,57 ;24,46 ;23,59
04/2011;7,44 ;23,84 ;22,82 ;16,40 ;34,90 ;27,53 ;16,81 ;7,71 ;24,52 ;23,45
05/2011;7,47 ;23,77 ;22,68 ;16,30 ;35,11 ;27,56 ;16,78 ;7,77 ;24,55 ;23,37
06/2011;7,42 ;23,58 ;22,45 ;16,16 ;35,29 ;27,55 ;16,36 ;7,60 ;23,96 ;22,80
07/2011;7,41 ;23,49 ;22,38 ;16,08 ;35,37 ;27,45 ;15,88 ;7,37 ;23,25 ;22,11
08/2011;7,47 ;23,70 ;22,46 ;16,23 ;35,98 ;27,68 ;15,77 ;7,34 ;23,11 ;21,93
09/2011;7,65 ;24,20 ;22,99 ;16,55 ;36,27 ;27,86 ;16,10 ;7,51 ;23,61 ;22,39
10/2011;7,83 ;24,67 ;23,44 ;16,84 ;36,45 ;27,89 ;16,72 ;7,81 ;24,53 ;23,25
11/2011;7,81 ;24,62 ;23,35 ;16,81 ;36,50 ;27,81 ;16,70 ;7,77 ;24,47 ;23,19
12/2011;7,80 ;24,58 ;23,27 ;16,78 ;36,56 ;27,73 ;16,61 ;7,57 ;24,18 ;22,91
01/2012;7,76 ;24,54 ;23,20 ;16,78 ;36,79 ;27,81 ;16,67 ;7,52 ;24,19 ;22,90
02/2012;7,76 ;24,49 ;23,15 ;16,73 ;36,78 ;27,70 ;16,85 ;7,61 ;24,46 ;23,15
03/2012;7,78 ;24,54 ;23,22 ;16,76 ;36,87 ;27,60 ;17,20 ;7,92 ;25,12 ;23,74
04/2012;7,72 ;24,47 ;23,12 ;16,75 ;36,99 ;27,58 ;17,20 ;8,00 ;25,20 ;23,81
05/2012;7,72 ;24,53 ;23,19 ;16,81 ;37,21 ;27,65 ;17,28 ;8,03 ;25,31 ;23,90
06/2012;7,65 ;24,38 ;23,05 ;16,73 ;37,42 ;27,65 ;16,90 ;7,82 ;24,72 ;23,34
07/2012;7,51 ;24,09 ;22,78 ;16,58 ;37,54 ;27,59 ;16,36 ;7,50 ;23,86 ;22,50
08/2012;7,39 ;23,80 ;22,36 ;16,41 ;37,71 ;27,55 ;15,98 ;7,29 ;23,27 ;21,92
09/2012;7,29 ;23,59 ;22,22 ;16,30 ;37,49 ;27,29 ;15,87 ;7,18 ;23,05 ;21,69
10/2012;7,20 ;23,44 ;22,07 ;16,24 ;37,69 ;27,33 ;16,08 ;7,17 ;23,25 ;21,86
11/2012;7,12 ;23,46 ;22,04 ;16,34 ;37,88 ;27,35 ;16,17 ;7,05 ;23,22 ;21,84
12/2012;7,06 ;23,47 ;22,02 ;16,41 ;38,04 ;27,33 ;16,21 ;6,83 ;23,04 ;21,66
01/2013;7,00 ;23,55 ;22,06 ;16,55 ;38,17 ;27,32 ;16,43 ;6,77 ;23,20 ;21,80
02/2013;6,94 ;23,46 ;21,93 ;16,52 ;38,21 ;27,22 ;16,65 ;6,83 ;23,48 ;22,05
03/2013;6,84 ;23,19 ;21,74 ;16,35 ;38,10 ;26,92 ;16,81 ;7,00 ;23,81 ;22,33
04/2013;6,78 ;23,04 ;21,63 ;16,26 ;38,25 ;26,88 ;16,73 ;7,04 ;23,77 ;22,26
05/2013;6,63 ;22,70 ;21,26 ;16,07 ;38,38 ;26,80 ;16,52 ;6,94 ;23,46 ;21,94
06/2013;6,58 ;22,56 ;21,13 ;15,98 ;38,37 ;26,60 ;16,14 ;6,76 ;22,90 ;21,40
07/2013;6,57 ;22,53 ;21,08 ;15,96 ;38,54 ;26,56 ;15,78 ;6,59 ;22,37 ;20,88
08/2013;6,61 ;22,64 ;21,11 ;16,03 ;38,66 ;26,46 ;15,69 ;6,54 ;22,23 ;20,74
09/2013;6,62 ;22,71 ;21,15 ;16,09 ;38,46 ;26,24 ;15,73 ;6,54 ;22,27 ;20,77
10/2013;6,63 ;22,67 ;21,12 ;16,04 ;38,35 ;26,14 ;15,90 ;6,61 ;22,51 ;20,98
11/2013;6,70 ;22,79 ;21,26 ;16,09 ;38,37 ;26,01 ;15,86 ;6,58 ;22,44 ;20,90
12/2013;6,81 ;23,01 ;21,44 ;16,20 ;38,36 ;25,86 ;15,90 ;6,49 ;22,39 ;20,85
01/2014;6,80 ;23,01 ;21,38 ;16,21 ;38,36 ;25,75 ;16,01 ;6,50 ;22,51 ;20,95
02/2014;6,81 ;22,97 ;21,32 ;16,16 ;38,29 ;25,54 ;16,23 ;6,66 ;22,89 ;21,29
03/2014;6,78 ;22,85 ;21,21 ;16,07 ;38,18 ;25,30 ;16,55 ;6,98 ;23,53 ;21,86
04/2014;6,84 ;22,92 ;21,27 ;16,08 ;38,17 ;25,15 ;16,57 ;7,14 ;23,71 ;22,00
05/2014;6,92 ;23,01 ;21,36 ;16,09 ;38,34 ;25,07 ;16,54 ;7,22 ;23,76 ;22,02
06/2014;6,98 ;23,10 ;21,39 ;16,12 ;38,52 ;25,04 ;16,33 ;7,20 ;23,53 ;21,78
07/2014;7,03 ;23,15 ;21,44 ;16,12 ;38,61 ;24,93 ;16,01 ;7,08 ;23,09 ;21,35
08/2014;7,01 ;23,05 ;21,28 ;16,04 ;38,68 ;24,83 ;15,81 ;7,00 ;22,81 ;21,07
09/2014;7,01 ;23,05 ;21,29 ;16,04 ;38,78 ;24,81 ;15,77 ;6,95 ;22,72 ;20,97
10/2014;7,04 ;23,08 ;21,29 ;16,04 ;39,00 ;24,83 ;15,96 ;7,04 ;23,00 ;21,22
11/2014;7,22 ;23,45 ;21,60 ;16,23 ;39,01 ;24,66 ;15,93 ;7,07 ;23,00 ;21,20
12/2014;7,43 ;23,82 ;21,91 ;16,39 ;39,29 ;24,73 ;15,91 ;7,03 ;22,94 ;21,13
01/2015;7,63 ;24,28 ;22,32 ;16,65 ;39,64 ;24,82 ;16,30 ;7,25 ;23,55 ;21,67
02/2015;7,71 ;24,45 ;22,42 ;16,74 ;39,64 ;24,70 ;16,72 ;7,55 ;24,27 ;22,33
03/2015;7,75 ;24,36 ;22,39 ;16,61 ;39,74 ;24,62 ;17,11 ;7,97 ;25,08 ;23,04
04/2015;7,86 ;24,56 ;22,53 ;16,70 ;40,03 ;24,62 ;17,21 ;8,20 ;25,41 ;23,32
05/2015;7,95 ;24,55 ;22,53 ;16,60 ;40,05 ;24,55 ;17,08 ;8,28 ;25,36 ;23,25
06/2015;8,08 ;24,65 ;22,62 ;16,57 ;40,13 ;24,50 ;16,82 ;8,30 ;25,12 ;23,02
07/2015;8,17 ;24,66 ;22,61 ;16,49 ;40,42 ;24,58 ;16,45 ;8,25 ;24,70 ;22,62
08/2015;8,29 ;24,73 ;22,65 ;16,44 ;40,61 ;24,61 ;16,33 ;8,30 ;24,63 ;22,54
09/2015;8,47 ;25,05 ;22,85 ;16,58 ;40,84 ;24,68 ;16,40 ;8,47 ;24,87 ;22,76
10/2015;8,42 ;24,58 ;22,48 ;16,16 ;40,87 ;24,60 ;16,17 ;8,46 ;24,63 ;22,53
11/2015;8,34 ;24,08 ;22,03 ;15,74 ;40,60 ;24,39 ;15,41 ;8,16 ;23,57 ;21,55
12/2015;8,13 ;23,30 ;21,31 ;15,17 ;40,09 ;23,99 ;14,50 ;7,63 ;22,13 ;20,24
01/2016;8,29 ;23,59 ;21,55 ;15,30 ;40,06 ;23,92 ;14,77 ;7,82 ;22,59 ;20,66
02/2016;8,39 ;23,66 ;21,67 ;15,27 ;39,70 ;23,65 ;15,14 ;8,13 ;23,27 ;21,26
03/2016;8,52 ;23,95 ;21,87 ;15,43 ;39,55 ;23,46 ;15,99 ;8,82 ;24,81 ;22,66
04/2016;8,58 ;23,96 ;21,88 ;15,38 ;39,28 ;23,26 ;15,93 ;8,94 ;24,87 ;22,70
05/2016;8,73 ;24,25 ;22,15 ;15,52 ;39,22 ;23,17 ;16,08 ;9,11 ;25,19 ;22,99
06/2016;8,78 ;24,28 ;22,22 ;15,50 ;39,07 ;23,02 ;15,84 ;9,02 ;24,86 ;22,68
07/2016;8,72 ;24,11 ;22,01 ;15,39 ;38,88 ;22,83 ;15,40 ;8,79 ;24,19 ;22,06
08/2016;8,71 ;24,07 ;21,95 ;15,36 ;38,78 ;22,73 ;15,27 ;8,72 ;23,99 ;21,87
09/2016;8,73 ;24,13 ;21,96 ;15,40 ;38,53 ;22,52 ;15,25 ;8,73 ;23,98 ;21,86
10/2016;8,73 ;23,99 ;21,92 ;15,26 ;38,28 ;22,45 ;15,30 ;8,78 ;24,08 ;21,96
11/2016;8,69 ;23,85 ;21,78 ;15,16 ;38,31 ;22,45 ;14,82 ;8,48 ;23,30 ;21,25
12/2016;8,54 ;23,49 ;21,44 ;14,95 ;38,20 ;22,27 ;14,12 ;7,96 ;22,08 ;20,14
01/2017;8,54 ;23,44 ;21,36 ;14,90 ;38,05 ;22,17 ;14,27 ;8,00 ;22,27 ;20,30
02/2017;8,48 ;23,26 ;21,13 ;14,78 ;37,92 ;22,01 ;14,61 ;8,25 ;22,86 ;20,83
03/2017;8,47 ;23,19 ;21,08 ;14,72 ;37,83 ;21,95 ;15,36 ;8,83 ;24,19 ;22,02
04/2017;8,28 ;22,79 ;20,72 ;14,51 ;37,50 ;21,68 ;15,15 ;8,74 ;23,89 ;21,72
05/2017;8,08 ;22,44 ;20,38 ;14,36 ;37,42 ;21,66 ;14,98 ;8,51 ;23,49 ;21,34
06/2017;8,01 ;22,34 ;20,39 ;14,33 ;37,37 ;21,62 ;14,70 ;8,23 ;22,93 ;20,81
07/2017;8,01 ;22,57 ;20,53 ;14,56 ;37,37 ;21,60 ;14,56 ;8,07 ;22,63 ;20,53
08/2017;8,13 ;22,92 ;20,80 ;14,79 ;37,41 ;21,63 ;14,67 ;8,12 ;22,79 ;20,67
09/2017;8,12 ;23,07 ;20,87 ;14,95 ;37,28 ;21,53 ;14,75 ;8,10 ;22,85 ;20,73
10/2017;8,02 ;22,78 ;20,68 ;14,76 ;37,34 ;21,63 ;14,77 ;8,05 ;22,82 ;20,70
11/2017;7,92 ;22,58 ;20,48 ;14,66 ;37,42 ;21,74 ;14,32 ;7,72 ;22,04 ;19,99
12/2017;7,82 ;22,36 ;20,26 ;14,54 ;37,27 ;21,65 ;13,64 ;7,23 ;20,87 ;18,94
01/2018;7,77 ;22,25 ;20,15 ;14,48 ;37,31 ;21,77 ;13,83 ;7,23 ;21,06 ;19,13
02/2018;7,74 ;22,25 ;20,11 ;14,51 ;37,29 ;21,73 ;14,38 ;7,52 ;21,90 ;19,88
03/2018;7,75 ;22,34 ;20,24 ;14,59 ;37,32 ;21,76 ;15,34 ;8,14 ;23,48 ;21,32
04/2018;7,81 ;22,62 ;20,46 ;14,81 ;37,55 ;21,92 ;15,56 ;8,34 ;23,90 ;21,69
05/2018;7,85 ;22,87 ;20,70 ;15,02 ;37,84 ;22,12 ;15,70 ;8,36 ;24,06 ;21,83
06/2018;8,00 ;23,08 ;21,18 ;15,08 ;37,94 ;22,19 ;15,45 ;8,16 ;23,61 ;21,42
07/2018;7,76 ;22,78 ;20,72 ;15,02 ;37,91 ;22,21 ;14,89 ;7,76 ;22,65 ;20,55
08/2018;7,62 ;22,52 ;20,44 ;14,90 ;38,09 ;22,43 ;14,63 ;7,55 ;22,18 ;20,13
09/2018;7,59 ;22,56 ;20,49 ;14,97 ;38,11 ;22,40 ;14,66 ;7,50 ;22,16 ;20,11
10/2018;7,59 ;22,54 ;20,50 ;14,95 ;38,38 ;22,65 ;14,88 ;7,59 ;22,47 ;20,41
11/2018;7,63 ;22,69 ;20,60 ;15,06 ;38,85 ;23,07 ;14,79 ;7,48 ;22,27 ;20,24
12/2018;7,70 ;22,99 ;20,87 ;15,29 ;39,06 ;23,24 ;14,43 ;7,15 ;21,58 ;19,65
01/2019;7,75 ;23,12 ;21,00 ;15,37 ;39,29 ;23,50 ;14,84 ;7,28 ;22,12 ;20,17
02/2019;7,83 ;23,30 ;21,18 ;15,47 ;39,55 ;23,69 ;15,47 ;7,63 ;23,10 ;21,08
03/2019;7,81 ;23,33 ;21,19 ;15,52 ;39,60 ;23,71 ;16,41 ;8,27 ;24,68 ;22,52
04/2019;7,98 ;23,78 ;21,66 ;15,80 ;39,82 ;23,92 ;16,62 ;8,52 ;25,14 ;22,94
05/2019;8,11 ;24,13 ;21,99 ;16,02 ;40,12 ;24,19 ;16,66 ;8,60 ;25,26 ;23,05
06/2019;8,62 ;25,24 ;23,31 ;16,62 ;40,56 ;24,48 ;16,86 ;8,74 ;25,60 ;23,38
07/2019;8,43 ;24,92 ;22,85 ;16,49 ;40,73 ;24,68 ;16,13 ;8,33 ;24,46 ;22,36
08/2019;8,43 ;24,97 ;22,90 ;16,54 ;41,13 ;25,04 ;16,09 ;8,27 ;24,36 ;22,29
09/2019;8,12 ;24,19 ;22,18 ;16,07 ;41,22 ;25,14 ;15,66 ;7,98 ;23,64 ;21,65
10/2019;8,01 ;23,86 ;21,86 ;15,85 ;41,35 ;25,30 ;15,79 ;8,01 ;23,80 ;21,82
11/2019;7,84 ;23,35 ;21,41 ;15,51 ;41,58 ;25,50 ;15,41 ;7,75 ;23,16 ;21,25
12/2019;7,68 ;23,03 ;21,07 ;15,35 ;41,47 ;25,52 ;14,61 ;7,19 ;21,80 ;20,02
01/2020;7,60 ;22,97 ;20,99 ;15,37 ;41,51 ;25,65 ;14,99 ;7,20 ;22,19 ;20,37
02/2020;7,55 ;22,94 ;21,06 ;15,39 ;41,46 ;25,62 ;15,52 ;7,38 ;22,90 ;21,02
03/2020;7,76 ;23,94 ;21,93 ;16,18 ;41,55 ;25,62 ;17,17 ;8,24 ;25,41 ;23,31
04/2020;7,61 ;23,37 ;21,31 ;15,76 ;40,86 ;25,00 ;16,57 ;8,17 ;24,74 ;22,65
05/2020;7,22 ;21,88 ;19,93 ;14,66 ;40,03 ;24,29 ;15,21 ;7,68 ;22,89 ;20,89
06/2020;6,95 ;20,50 ;18,91 ;13,55 ;39,37 ;23,80 ;13,60 ;6,98 ;20,58 ;18,70
07/2020;6,73 ;20,11 ;18,32 ;13,38 ;39,23 ;23,72 ;12,77 ;6,51 ;19,28 ;17,49
08/2020;6,63 ;20,07 ;18,28 ;13,44 ;39,20 ;23,72 ;12,81 ;6,38 ;19,19 ;17,41
09/2020;6,64 ;20,40 ;18,59 ;13,76 ;39,59 ;24,01 ;13,36 ;6,48 ;19,84 ;18,02
10/2020;6,67 ;20,94 ;19,05 ;14,27 ;40,20 ;24,48 ;14,31 ;6,71 ;21,02 ;19,13
11/2020;6,85 ;21,81 ;19,84 ;14,96 ;41,03 ;25,12 ;15,09 ;6,89 ;21,98 ;20,03
12/2020;6,99 ;22,47 ;20,37 ;15,48 ;41,75 ;25,61 ;14,91 ;6,61 ;21,52 ;19,63
01/2021;7,09 ;22,72 ;20,62 ;15,63 ;42,06 ;25,80 ;15,39 ;6,77 ;22,16 ;20,22
02/2021;7,01 ;22,48 ;20,44 ;15,47 ;42,25 ;25,90 ;15,66 ;6,93 ;22,59 ;20,61
03/2021;7,06 ;22,78 ;20,75 ;15,72 ;42,43 ;25,98 ;16,72 ;7,54 ;24,26 ;22,13
04/2021;7,06 ;22,81 ;20,78 ;15,75 ;42,88 ;26,27 ;16,44 ;7,52 ;23,96 ;21,85
05/2021;7,15 ;23,18 ;21,15 ;16,03 ;43,83 ;26,90 ;16,47 ;7,54 ;24,01 ;21,89
06/2021;7,24 ;23,31 ;21,44 ;16,07 ;44,52 ;27,39 ;15,91 ;7,23 ;23,14 ;21,13
07/2021;7,31 ;23,65 ;21,72 ;16,34 ;45,18 ;27,83 ;15,58 ;6,98 ;22,56 ;20,62
08/2021;7,40 ;24,08 ;22,10 ;16,68 ;46,43 ;28,72 ;15,96 ;7,09 ;23,05 ;21,09
09/2021;7,66 ;25,00 ;22,95 ;17,34 ;47,47 ;29,46 ;17,05 ;7,55 ;24,60 ;22,54
10/2021;7,91 ;25,81 ;23,64 ;17,90 ;48,16 ;29,99 ;18,11 ;8,05 ;26,16 ;24,01
11/2021;8,02 ;26,10 ;23,94 ;18,08 ;48,92 ;30,59 ;18,39 ;8,17 ;26,56 ;24,42
12/2021;8,14 ;26,31 ;24,06 ;18,17 ;49,44 ;31,01 ;17,70 ;7,82 ;25,52 ;23,51
01/2022;8,35 ;26,66 ;24,49 ;18,31 ;49,60 ;31,17 ;18,10 ;8,06 ;26,16 ;24,13
02/2022;8,30 ;26,18 ;24,16 ;17,88 ;49,47 ;31,05 ;18,03 ;8,21 ;26,24 ;24,22
03/2022;8,23 ;25,92 ;23,90 ;17,69 ;49,52 ;31,09 ;18,62 ;8,70 ;27,32 ;25,22
04/2022;8,25 ;26,02 ;24,03 ;17,77 ;49,60 ;31,30 ;18,36 ;8,67 ;27,03 ;24,98
05/2022;8,18 ;25,80 ;23,95 ;17,62 ;49,49 ;31,25 ;17,96 ;8,48 ;26,44 ;24,46
06/2022;8,42 ;26,36 ;24,46 ;17,94 ;49,62 ;31,35 ;17,69 ;8,39 ;26,08 ;24,14
07/2022;8,69 ;26,91 ;24,95 ;18,22 ;49,88 ;31,48 ;17,43 ;8,33 ;25,76 ;23,85
08/2022;8,89 ;27,33 ;25,35 ;18,44 ;49,59 ;31,38 ;17,74 ;8,57 ;26,31 ;24,37
09/2022;9,05 ;27,54 ;25,59 ;18,49 ;49,48 ;31,32 ;18,31 ;8,96 ;27,27 ;25,27
10/2022;9,15 ;27,69 ;25,69 ;18,54 ;49,66 ;31,54 ;18,86 ;9,34 ;28,20 ;26,15
11/2022;9,20 ;27,75 ;25,74 ;18,55 ;49,41 ;31,39 ;18,94 ;9,39 ;28,33 ;26,28
12/2022;9,31 ;27,95 ;25,85 ;18,64 ;49,00 ;31,07 ;18,19 ;8,95 ;27,14 ;25,19
01/2023;9,39 ;28,05 ;25,99 ;18,66 ;48,95 ;31,09 ;18,42 ;9,07 ;27,49 ;25,52
02/2023;9,44 ;28,07 ;26,00 ;18,63 ;48,66 ;30,86 ;18,69 ;9,34 ;28,03 ;26,00
03/2023;9,46 ;28,07 ;26,03 ;18,61 ;48,58 ;30,74 ;19,50 ;9,91 ;29,41 ;27,27
04/2023;9,54 ;28,19 ;26,11 ;18,65 ;48,51 ;30,66 ;19,18 ;9,93 ;29,11 ;26,97
05/2023;9,65 ;28,38 ;26,34 ;18,73 ;48,83 ;30,87 ;19,02 ;9,92 ;28,94 ;26,81
06/2023;9,64 ;28,20 ;26,13 ;18,56 ;48,40 ;30,46 ;18,33 ;9,61 ;27,94 ;25,86
07/2023;9,49 ;27,77 ;25,72 ;18,28 ;47,98 ;30,13 ;17,54 ;9,14 ;26,68 ;24,68
08/2023;9,33 ;27,30 ;25,26 ;17,97 ;48,17 ;30,28 ;17,34 ;9,03 ;26,37 ;24,37
09/2023;9,35 ;27,28 ;25,21 ;17,93 ;48,06 ;30,11 ;17,82 ;9,30 ;27,12 ;25,04
10/2023;9,42 ;27,44 ;25,32 ;18,02 ;48,13 ;30,16 ;18,40 ;9,65 ;28,05 ;25,88
11/2023;9,27 ;27,02 ;24,90 ;17,75 ;48,13 ;30,16 ;18,13 ;9,47 ;27,60 ;25,45
12/2023;9,04 ;26,31 ;24,15 ;17,27 ;47,69 ;29,84 ;16,76 ;8,66 ;25,42 ;23,44
01/2024;9,01 ;26,24 ;24,16 ;17,23 ;47,84 ;30,06 ;16,93 ;8,67 ;25,60 ;23,60
02/2024;9,01 ;26,26 ;24,26 ;17,25 ;47,78 ;30,00 ;17,23 ;8,84 ;26,07 ;24,03
03/2024;9,04 ;26,52 ;24,44 ;17,48 ;47,76 ;29,97 ;18,37 ;9,51 ;27,88 ;25,70
04/2024;9,04 ;26,54 ;24,47 ;17,50 ;47,71 ;29,94 ;18,04 ;9,42 ;27,46 ;25,30
05/2024;8,97 ;26,42 ;24,37 ;17,45 ;47,58 ;29,82 ;17,72 ;9,23 ;26,95 ;24,83
06/2024;9,10 ;26,75 ;24,69 ;17,65 ;47,67 ;29,86 ;17,46 ;9,08 ;26,54 ;24,45
07/2024;9,15 ;26,89 ;24,80 ;17,74 ;47,85 ;29,97 ;17,06 ;8,82 ;25,88 ;23,84
08/2024;9,25 ;27,16 ;25,06 ;17,91 ;48,06 ;30,09 ;17,35 ;8,97 ;26,32 ;24,24
09/2024;9,21 ;27,06 ;24,94 ;17,85 ;48,03 ;30,04 ;17,75 ;9,19 ;26,94 ;24,81
10/2024;9,23 ;27,12 ;24,97 ;17,89 ;48,08 ;30,09 ;18,26 ;9,47 ;27,73 ;25,53
11/2024;9,20 ;27,01 ;24,90 ;17,81 ;48,30 ;30,28 ;18,14 ;9,36 ;27,50 ;25,33
12/2024;9,33 ;27,39 ;25,20 ;18,06 ;48,44 ;30,33 ;17,51 ;8,91 ;26,42 ;24,35
01/2025;9,40 ;27,57 ;25,41 ;18,17 ;48,63 ;30,55 ;17,83 ;9,04 ;26,87 ;24,78
02/2025;9,47 ;27,69 ;25,50 ;18,22 ;48,61 ;30,50 ;18,17 ;9,31 ;27,48 ;25,34
03/2025;9,57 ;27,86 ;25,66 ;18,29 ;48,97 ;30,76 ;19,21 ;10,07 ;29,28 ;27,01
04/2025;9,63 ;27,83 ;25,61 ;18,20 ;48,88 ;30,70 ;18,76 ;10,06 ;28,82 ;26,58
05/2025;9,81 ;28,09 ;25,96 ;18,28 ;48,88 ;30,62 ;18,56 ;10,06 ;28,62 ;26,40
06/2025;9,83 ;28,00 ;25,85 ;18,17 ;48,81 ;30,56 ;18,00 ;9,84 ;27,84 ;25,67
07/2025;9,85 ;27,97 ;25,84 ;18,12 ;48,64 ;30,47 ;17,46 ;9,53 ;26,99 ;24,90
08/2025;10,09 ;28,56 ;26,36 ;18,47 ;48,93 ;30,64 ;17,93 ;9,83 ;27,76 ;25,61
09/2025;10,23 ;28,84 ;26,67 ;18,61 ;49,08 ;30,72 ;18,50 ;10,17 ;28,67 ;26,44
10/2025;10,41 ;29,32 ;27,05 ;18,91 ;49,32 ;30,95 ;19,28 ;10,64 ;29,92 ;27,59
11/2025;10,32 ;29,02 ;26,77 ;18,70 ;49,67 ;31,22 ;18,99 ;10,47 ;29,46 ;27,19
12/2025;10,37 ;29,17 ;26,85 ;18,80 ;49,71 ;31,23 ;18,23 ;9,96 ;28,19 ;26,03
01/2026;10,48 ;29,33 ;27,07 ;18,85 ;49,69 ;31,27 ;18,50 ;10,11 ;28,61 ;26,43
Fonte;BCB-DSTAT;BCB-DSTAT;BCB-DSTAT;BCB-DSTAT;BCB-DSTAT;BCB-DSTAT;BCB-DSTAT;BCB-DSTAT;BCB-DSTAT;BCB-DSTAT
