,C_minmax,I_minmax,Q_minmax,index_minmax,C_robust,I_robust,Q_robust,index_robust,C_percentile,I_percentile,Q_percentile,index_percentile
2011-03-01,0.4130434782608693,0.46875,0.49367284384507565,0.45848877403531496,0.25190839694656436,0.3999999999999999,0.409609021447209,0.35383913946459106,0.4972067039106145,0.40782122905027934,0.329608938547486,0.41154562383612664
2011-04-01,0.4021739130434782,0.53125,0.5214614327672644,0.48496178193691425,0.2328244274809159,0.5,0.47309320374086417,0.4019725437405934,0.4720670391061452,0.5502793296089385,0.39664804469273746,0.4729981378026071
2011-05-01,0.4021739130434782,0.5937500000000001,0.5100775463609301,0.5020004864681361,0.2328244274809159,0.6000000000000001,0.4470862437669832,0.42663689041596636,0.4720670391061452,0.6424581005586593,0.35195530726256985,0.48882681564245817
2011-06-01,0.3804347826086957,0.5937500000000001,0.5148555804729315,0.4963467876938757,0.19465648854961828,0.6000000000000001,0.45800186058440995,0.4175527830446761,0.4273743016759777,0.6424581005586593,0.36312849162011174,0.4776536312849163
2011-07-01,0.3695652173913042,0.6562499999999999,0.47696123400971574,0.50092548380034,0.17557251908396918,0.6999999999999997,0.37143065664505454,0.4156677252430078,0.4022346368715084,0.7122905027932961,0.3016759776536313,0.4720670391061453
2011-08-01,0.39130434782608675,0.7187499999999999,0.489459786502071,0.5331713781093859,0.21374045801526675,0.7999999999999998,0.39998411745781054,0.4712415251576923,0.44692737430167595,0.8296089385474861,0.3240223463687151,0.5335195530726257
2011-09-01,0.4456521739130433,0.7500000000000001,0.521321326005967,0.5723244999730035,0.3091603053435111,0.8500000000000001,0.47277312404197464,0.5439778097951619,0.5698324022346368,0.8491620111731844,0.3854748603351955,0.6014897579143389
2011-10-01,0.49999999999999983,0.78125,0.5467795365116633,0.609343178837221,0.40458015267175534,0.8999999999999999,0.5309334603274694,0.6118378709997415,0.6759776536312849,0.8603351955307262,0.4301675977653631,0.6554934823091247
2011-11-01,0.48913043478260876,0.8124999999999999,0.5508862401844663,0.6175055583223583,0.3854961832061069,0.9499999999999997,0.5403153949525152,0.625270526052874,0.6508379888268156,0.8798882681564246,0.4581005586592179,0.6629422718808194
2011-12-01,0.48913043478260876,0.84375,0.47596304707410353,0.6029478272855707,0.3854961832061069,1.0,0.36915025724942524,0.5848821468185107,0.6508379888268156,0.9050279329608939,0.29608938547486036,0.61731843575419
2012-01-01,0.4782608695652173,0.9062500000000001,0.5479232769090815,0.6441447154914329,0.3664122137404578,1.0,0.5335463826348822,0.6333195321251134,0.61731843575419,0.9413407821229051,0.43575418994413406,0.664804469273743
2012-02-01,0.4782608695652173,0.9375,0.6067715648490398,0.6741774781380857,0.3664122137404578,1.0,0.6679877337128683,0.6781333158177754,0.61731843575419,0.9553072625698324,0.5754189944134078,0.7160148975791435
2012-03-01,0.4782608695652173,0.9375,0.6000002360002822,0.6719203685218331,0.3664122137404578,1.0,0.6525183525144022,0.6729768554182867,0.61731843575419,0.9553072625698324,0.5586592178770949,0.7104283054003725
2012-04-01,0.4782608695652173,0.9687499999999999,0.6093504190295059,0.6854537628649077,0.3664122137404578,1.0,0.6738792328947769,0.6800971488784114,0.61731843575419,0.9720670391061452,0.5810055865921788,0.7234636871508379
2012-05-01,0.4782608695652173,1.0,0.5888548213331224,0.6890385636327799,0.3664122137404578,1.0,0.627056191105286,0.6644894682819146,0.61731843575419,0.9916201117318436,0.5418994413407822,0.7169459962756052
2012-06-01,0.46739130434782583,0.9687499999999999,0.5729604473702582,0.669700583906028,0.34732824427480863,1.0,0.5907448355007453,0.6460243599251846,0.5949720670391061,0.9720670391061452,0.5083798882681564,0.6918063314711359
2012-07-01,0.4347826086956522,1.0,0.5426699181945578,0.6591508422967367,0.2900763358778626,1.0,0.5215448670768004,0.603873734318221,0.5418994413407822,0.9916201117318436,0.41899441340782123,0.6508379888268156
2012-08-01,0.4021739130434782,1.0,0.5214156623298596,0.6411965251244459,0.2328244274809159,1.0,0.47298863928097,0.5686043555872953,0.4720670391061452,0.9916201117318436,0.39106145251396646,0.6182495344506518
2012-09-01,0.3804347826086957,1.0,0.5833943552480831,0.6546097126189263,0.19465648854961828,1.0,0.6145815301816376,0.6030793395770853,0.4273743016759777,0.9916201117318436,0.5307262569832403,0.6499068901303539
2012-10-01,0.35869565217391275,0.9687499999999999,0.5669904632674103,0.6314787051471077,0.15648854961832004,1.0,0.5771061595630551,0.5778649030604585,0.3743016759776536,0.9720670391061452,0.5027932960893855,0.6163873370577281
2012-11-01,0.3695652173913042,0.9375,0.5537552530867107,0.6202734901593383,0.17557251908396918,1.0,0.5468697737516307,0.5741474309451999,0.4022346368715084,0.9553072625698324,0.46368715083798884,0.6070763500931099
2012-12-01,0.3695652173913042,0.9062500000000001,0.44596224136903034,0.5739258195867781,0.17557251908396918,1.0,0.3006121740934066,0.49206156439245863,0.4022346368715084,0.9413407821229051,0.27932960893854747,0.5409683426443203
2013-01-01,0.3804347826086957,0.8749999999999999,0.48530897959824143,0.5802479207356457,0.19465648854961828,1.0,0.3905014271748912,0.5283859719081698,0.4273743016759777,0.9273743016759777,0.31843575418994413,0.5577281191806331
2013-02-01,0.3695652173913042,0.84375,0.5506770875100645,0.5879974349671229,0.17557251908396918,1.0,0.5398375770055114,0.5718033653631602,0.4022346368715084,0.9050279329608939,0.45251396648044695,0.5865921787709497
2013-03-01,0.3369565217391302,0.8124999999999999,0.5484732653562607,0.5659765956984636,0.11832061068702245,0.9499999999999997,0.5348028540209572,0.5343744882359931,0.32122905027932963,0.8798882681564246,0.441340782122905,0.547486033519553
2013-04-01,0.31521739130434767,0.78125,0.5559374274800676,0.5508016062614717,0.08015267175572487,0.8999999999999999,0.5518550415308735,0.5106692377621994,0.2541899441340782,0.8603351955307262,0.4692737430167598,0.5279329608938547
2013-05-01,0.2826086956521737,0.8124999999999999,0.5351391791321656,0.5434159582614464,0.022900763358778144,0.9499999999999997,0.5043405817933143,0.492413781717364,0.15083798882681565,0.8798882681564246,0.40782122905027934,0.4795158286778399
2013-06-01,0.27173913043478265,0.7187499999999999,0.5439028355746974,0.5114639886698266,0.0038167938931296906,0.7999999999999998,0.5243615178946224,0.44272610392925066,0.12011173184357542,0.8296089385474861,0.4245810055865922,0.4581005586592179
2013-07-01,0.2608695652173912,0.6875,0.5172048512450315,0.4885248054874742,0.0,0.75,0.46336886696140756,0.40445628898713587,0.0893854748603352,0.7737430167597765,0.3687150837988827,0.41061452513966484
2013-08-01,0.27173913043478265,0.6562499999999999,0.5274848344823921,0.4851579883057249,0.0038167938931296906,0.6999999999999997,0.4868539144261681,0.39689023610643254,0.12011173184357542,0.7122905027932961,0.4022346368715084,0.4115456238361266
2013-09-01,0.2826086956521737,0.6562499999999999,0.574802162747544,0.5045536194665726,0.022900763358778144,0.6999999999999997,0.5949523105572164,0.43928435797199805,0.15083798882681565,0.7122905027932961,0.5139664804469274,0.4590316573556797
2013-10-01,0.2826086956521737,0.5937500000000001,0.5641647434719361,0.48017447970803667,0.022900763358778144,0.6000000000000001,0.5706506856593969,0.39785048300605835,0.15083798882681565,0.6424581005586593,0.49162011173184356,0.4283054003724395
2013-11-01,0.2934782608695652,0.53125,0.5584279155681768,0.46105205881258066,0.04198473282442727,0.5,0.5575446647149951,0.3665097991798074,0.18156424581005587,0.5502793296089385,0.4860335195530726,0.40595903165735575
2013-12-01,0.31521739130434767,0.53125,0.4554164022898091,0.43396126453138556,0.08015267175572487,0.5,0.3222105962734197,0.3007877560097148,0.2541899441340782,0.5502793296089385,0.2849162011173184,0.3631284916201117
2014-01-01,0.31521739130434767,0.53125,0.5115783932754494,0.4526819281932657,0.08015267175572487,0.5,0.45051499070274914,0.343555887486158,0.2541899441340782,0.5502793296089385,0.3575418994413408,0.3873370577281192
2014-02-01,0.31521739130434767,0.4999999999999999,0.5817328409125729,0.4656500774056402,0.08015267175572487,0.44999999999999973,0.6107857318683658,0.3803128012080301,0.2541899441340782,0.4748603351955307,0.5251396648044693,0.41806331471135944
2014-03-01,0.30434782608695626,0.4999999999999999,0.6147244956317665,0.4730241072395742,0.06106870229007573,0.44999999999999973,0.6861565334670833,0.39907507858571956,0.2122905027932961,0.4748603351955307,0.5921787709497207,0.4264432029795158
2014-04-01,0.30434782608695626,0.4999999999999999,0.6594683308182747,0.4879387189684103,0.06106870229007573,0.44999999999999973,0.7883756780753737,0.4331481267884831,0.2122905027932961,0.4748603351955307,0.6703910614525139,0.45251396648044695
2014-05-01,0.31521739130434767,0.53125,0.6517053504599767,0.49939091392144147,0.08015267175572487,0.5,0.7706408279328124,0.45026449989617906,0.2541899441340782,0.5502793296089385,0.6480446927374302,0.48417132216014896
2014-06-01,0.32608695652173914,0.4999999999999999,0.6899350539930583,0.5053406701715991,0.09923664122137399,0.44999999999999973,0.8579781689875299,0.4690716034029679,0.29608938547486036,0.4748603351955307,0.7374301675977654,0.5027932960893855
2014-07-01,0.3369565217391302,0.53125,0.6490692006172867,0.5057585741188056,0.11832061068702245,0.5,0.7646184344375785,0.4609796817082003,0.32122905027932963,0.5502793296089385,0.6368715083798883,0.5027932960893855
2014-08-01,0.31521739130434767,0.53125,0.6504374883264215,0.4989682932102564,0.08015267175572487,0.5,0.7677443443785297,0.4492990053780848,0.2541899441340782,0.5502793296089385,0.6424581005586593,0.4823091247672253
2014-09-01,0.31521739130434767,0.53125,0.6601768905608222,0.5022147606217233,0.08015267175572487,0.5,0.7899944121531559,0.4567156946362936,0.2541899441340782,0.5502793296089385,0.6759776536312849,0.49348230912476726
2014-10-01,0.32608695652173914,0.4999999999999999,0.6370057004401637,0.4876975523206342,0.09923664122137399,0.44999999999999973,0.7370588686572339,0.4287651699595359,0.29608938547486036,0.4748603351955307,0.6201117318435754,0.4636871508379888
2014-11-01,0.35869565217391275,0.46875,0.6122047338649472,0.4798834620129533,0.15648854961832004,0.3999999999999999,0.6804000333515412,0.41229619432328707,0.3743016759776536,0.40782122905027934,0.5865921787709497,0.4562383612662943
2014-12-01,0.4021739130434782,0.40624999999999994,0.495715994371591,0.43471330247168966,0.2328244274809159,0.2999999999999998,0.4142766834447963,0.3157003703085707,0.4720670391061452,0.32122905027932963,0.3407821229050279,0.37802607076350087
2015-01-01,0.45652173913043476,0.40624999999999994,0.5568854725678422,0.4732190705660923,0.3282442748091602,0.2999999999999998,0.5540208897984273,0.39408838820252906,0.5837988826815642,0.32122905027932963,0.48044692737430167,0.4618249534450652
2015-02-01,0.4782608695652173,0.40624999999999994,0.6308504175952517,0.5051204290534898,0.3664122137404578,0.2999999999999998,0.7229968700689076,0.46313636126978835,0.61731843575419,0.32122905027932963,0.6089385474860335,0.515828677839851
2015-03-01,0.46739130434782583,0.37500000000000006,0.6232584754242694,0.48854992659069846,0.34732824427480863,0.25,0.7056527637490401,0.4343270026746162,0.5949720670391061,0.28212290502793297,0.6033519553072626,0.49348230912476726
2015-04-01,0.48913043478260876,0.40624999999999994,0.6702059633829003,0.5218621327218363,0.3854961832061069,0.2999999999999998,0.812906244382419,0.4994674758628419,0.6508379888268156,0.32122905027932963,0.7094972067039106,0.5605214152700185
2015-05-01,0.48913043478260876,0.4375000000000001,0.6741924609213293,0.5336076319013127,0.3854961832061069,0.3500000000000001,0.8220135631149927,0.5191699154403665,0.6508379888268156,0.36033519553072624,0.7150837988826816,0.5754189944134079
2015-06-01,0.48913043478260876,0.40624999999999994,0.6840697604040186,0.5264833983955425,0.3854961832061069,0.2999999999999998,0.8445786628645298,0.5100249486902122,0.6508379888268156,0.32122905027932963,0.7318435754189944,0.5679702048417132
2015-07-01,0.49999999999999983,0.4375000000000001,0.6626834782215238,0.533394492740508,0.40458015267175534,0.3500000000000001,0.7957208154776497,0.516766989383135,0.6759776536312849,0.36033519553072624,0.6871508379888268,0.5744878957169459
2015-08-01,0.49999999999999983,0.4999999999999999,0.6821680819111903,0.5607226939703968,0.40458015267175534,0.44999999999999973,0.8402341995871504,0.5649381174196352,0.6759776536312849,0.4748603351955307,0.7262569832402235,0.6256983240223464
2015-09-01,0.5326086956521738,0.53125,0.6967313564344796,0.5868633506955511,0.46183206106870206,0.5,0.8735046033927506,0.6117788881538176,0.6983240223463687,0.5502793296089385,0.7597765363128491,0.6694599627560521
2015-10-01,0.48913043478260876,0.5624999999999999,0.7089677695767689,0.5868660681197925,0.3854961832061069,0.5499999999999998,0.9014591960034352,0.612318459736514,0.6508379888268156,0.6033519553072626,0.8212290502793296,0.6918063314711359
2015-11-01,0.4347826086956522,0.625,0.7073745974579156,0.5890524020511894,0.2900763358778626,0.6499999999999999,0.8978195283145988,0.6126319547308204,0.5418994413407822,0.6787709497206704,0.8044692737430168,0.6750465549348231
2015-12-01,0.3478260869565217,0.6875,0.598323266691964,0.5445497845494952,0.13740458015267157,0.75,0.6486872466756626,0.5120306089427781,0.3463687150837989,0.7737430167597765,0.553072625698324,0.5577281191806331
2016-01-01,0.3804347826086957,0.6875,0.6550157440735584,0.5743168422274181,0.19465648854961828,0.75,0.7782035592473401,0.5742866825989861,0.4273743016759777,0.7737430167597765,0.6536312849162011,0.6182495344506518
2016-02-01,0.39130434782608675,0.6875,0.7163902920103717,0.5983982132788195,0.21374045801526675,0.75,0.9184162559165181,0.627385571310595,0.44692737430167595,0.7737430167597765,0.8379888268156425,0.686219739292365
2016-03-01,0.42391304347826075,0.6875,0.7089672260532259,0.6067934231771622,0.27099236641221347,0.75,0.9014579543013904,0.6408167735712014,0.5139664804469274,0.7737430167597765,0.8156424581005587,0.7011173184357542
2016-04-01,0.42391304347826075,0.6875,0.7504424866950079,0.6206185100577563,0.27099236641221347,0.75,0.9962099049899452,0.6724007571340529,0.5139664804469274,0.7737430167597765,0.8994413407821229,0.7290502793296089
2016-05-01,0.4456521739130433,0.7187499999999999,0.7428287514122943,0.6357436417751124,0.3091603053435111,0.7999999999999998,0.9788160114037374,0.6959921055824161,0.5698324022346368,0.8296089385474861,0.88268156424581,0.7607076350093109
2016-06-01,0.45652173913043476,0.6875,0.7294604499616172,0.624494063030684,0.3282442748091602,0.75,0.9482755730738994,0.6755066159610198,0.5837988826815642,0.7737430167597765,0.8659217877094972,0.7411545623836128
2016-07-01,0.4347826086956522,0.6875,0.7057626305557279,0.6093484130837934,0.2900763358778626,0.75,0.8941369231648238,0.6447377530142289,0.5418994413407822,0.7737430167597765,0.7988826815642458,0.7048417132216015
2016-08-01,0.4347826086956522,0.6875,0.6902301029294244,0.6041709038750256,0.2900763358778626,0.75,0.8586522205024976,0.6329095187934534,0.5418994413407822,0.7737430167597765,0.7430167597765364,0.686219739292365
2016-09-01,0.4347826086956522,0.6875,0.7039917829587397,0.608758130551464,0.2900763358778626,0.75,0.8900913484875248,0.6433892281217958,0.5418994413407822,0.7737430167597765,0.7932960893854749,0.7029795158286779
2016-10-01,0.42391304347826075,0.6875,0.6943873856986942,0.6019334763923183,0.27099236641221347,0.75,0.8681497051682214,0.629714023860145,0.5139664804469274,0.7737430167597765,0.7541899441340782,0.680633147113594
2016-11-01,0.4021739130434782,0.6562499999999999,0.6457882340558307,0.5680707156997696,0.2328244274809159,0.6999999999999997,0.7571229304423922,0.563315785974436,0.4720670391061452,0.7122905027932961,0.6256983240223464,0.6033519553072625
2016-12-01,0.3695652173913042,0.625,0.5062127541287045,0.5002593238400029,0.17557251908396918,0.6499999999999999,0.4382569658470167,0.4212764949769953,0.4022346368715084,0.6787709497206704,0.3463687150837989,0.4757914338919926
2017-01-01,0.35869565217391275,0.625,0.5489873625870791,0.510894338253664,0.15648854961832004,0.6499999999999999,0.5359773304367741,0.4474886266850313,0.3743016759776536,0.6787709497206704,0.44692737430167595,0.5
2017-02-01,0.3478260869565217,0.5937500000000001,0.5850698926288018,0.5088819931951079,0.13740458015267157,0.6000000000000001,0.6184093647224712,0.45193798162504767,0.3463687150837989,0.6424581005586593,0.5363128491620112,0.5083798882681565
2017-03-01,0.3369565217391302,0.5937500000000001,0.5564347225929573,0.4957137481106959,0.11832061068702245,0.6000000000000001,0.5529911328124006,0.4237705811664744,0.32122905027932963,0.6424581005586593,0.4748603351955307,0.4795158286778399
2017-04-01,0.2934782608695652,0.5624999999999999,0.5786066782188323,0.47819497969613245,0.04198473282442727,0.5499999999999998,0.6036438837203806,0.3985428721816026,0.18156424581005587,0.6033519553072626,0.5195530726256983,0.43482309124767227
2017-05-01,0.24999999999999972,0.5937500000000001,0.5647124086075272,0.46948746953584236,0.0,0.6000000000000001,0.571901849343926,0.39063394978130866,0.06983240223463687,0.6424581005586593,0.4972067039106145,0.40316573556797025
2017-06-01,0.23913043478260865,0.53125,0.5407247943062877,0.4370350763629654,0.0,0.5,0.5171011509941864,0.3390337169980621,0.05865921787709497,0.5502793296089385,0.4134078212290503,0.3407821229050279
2017-07-01,0.27173913043478265,0.53125,0.5190156859914685,0.44066827214208376,0.0038167938931296906,0.5,0.4675057939377427,0.32377419594362417,0.12011173184357542,0.5502793296089385,0.37988826815642457,0.3500931098696462
2017-08-01,0.30434782608695626,0.53125,0.4955781272629054,0.4437253177832872,0.06106870229007573,0.5,0.4139617203250567,0.3250101408717108,0.2122905027932961,0.5502793296089385,0.33519553072625696,0.3659217877094972
2017-09-01,0.32608695652173914,0.4999999999999999,0.47953062673089997,0.43520586108421294,0.09923664122137399,0.44999999999999973,0.37730054073137487,0.30884572731758286,0.29608938547486036,0.4748603351955307,0.30726256983240224,0.35940409683426444
2017-10-01,0.2934782608695652,0.46875,0.4801627916188449,0.41413035082947003,0.04198473282442727,0.3999999999999999,0.37874474759982424,0.2735764934747505,0.18156424581005587,0.40782122905027934,0.3128491620111732,0.30074487895716945
2017-11-01,0.27173913043478265,0.4375000000000001,0.44478765727090946,0.3846755959018974,0.0038167938931296906,0.3500000000000001,0.29792878807430595,0.21724852732247857,0.12011173184357542,0.36033519553072624,0.2737430167597765,0.25139664804469275
2017-12-01,0.24999999999999972,0.37500000000000006,0.3157895722255189,0.31359652407517286,0.0,0.25,0.003227320162959767,0.0844091067209866,0.06983240223463687,0.28212290502793297,0.10614525139664804,0.1527001862197393
2018-01-01,0.22826086956521718,0.37500000000000006,0.34715963991577814,0.31680683649366514,0.0,0.25,0.07489353903391989,0.10829784634463996,0.04748603351955307,0.28212290502793297,0.15083798882681565,0.1601489757914339
2018-02-01,0.22826086956521718,0.3437499999999999,0.4189499774180659,0.33032028232776095,0.0,0.19999999999999973,0.2389015383490319,0.14630051278301057,0.04748603351955307,0.25139664804469275,0.26256983240223464,0.1871508379888268
2018-03-01,0.23913043478260865,0.3437499999999999,0.3912758354126922,0.3247187567317669,0.0,0.19999999999999973,0.1756788147768102,0.12522627159226998,0.05865921787709497,0.25139664804469275,0.22905027932960895,0.17970204841713222
2018-04-01,0.27173913043478265,0.3437499999999999,0.4061965880038495,0.3405619061462106,0.0038167938931296906,0.19999999999999973,0.20976589203387838,0.1378608953090026,0.12011173184357542,0.25139664804469275,0.2569832402234637,0.20949720670391062
2018-05-01,0.30434782608695626,0.3125,0.38151291083811706,0.3327869123083578,0.06106870229007573,0.1499999999999999,0.1533750092418469,0.12148123717730752,0.2122905027932961,0.21508379888268156,0.18994413407821228,0.20577281191806332
2018-06-01,0.32608695652173914,0.2812500000000001,0.39189952832898095,0.33307882828357344,0.09923664122137399,0.10000000000000009,0.17710366707513323,0.12544676943216912,0.29608938547486036,0.17597765363128492,0.2346368715083799,0.23556797020484174
2018-07-01,0.2934782608695652,0.3125,0.35510823295834937,0.32036216460930483,0.04198473282442727,0.1499999999999999,0.09305242904109653,0.09501238728850792,0.18156424581005587,0.21508379888268156,0.16201117318435754,0.186219739292365
2018-08-01,0.2608695652173912,0.3125,0.33244242134462937,0.3019373288540068,0.0,0.1499999999999999,0.04127144367519012,0.06375714789173001,0.0893854748603352,0.21508379888268156,0.1340782122905028,0.14618249534450653
2018-09-01,0.27173913043478265,0.2812500000000001,0.3235745013452689,0.2921878772600172,0.0038167938931296906,0.10000000000000009,0.02101231316009489,0.04160970235107489,0.12011173184357542,0.17597765363128492,0.11731843575418995,0.1378026070763501
2018-10-01,0.2608695652173912,0.2812500000000001,0.33708209862997585,0.2930672212824557,0.0,0.10000000000000009,0.051870978591893845,0.05062365953063131,0.0893854748603352,0.17597765363128492,0.13966480446927373,0.13500931098696464
2018-11-01,0.2826086956521737,0.24999999999999994,0.31846855122366696,0.2836924156252802,0.022900763358778144,0.04999999999999982,0.009347558637663478,0.02741610733214715,0.15083798882681565,0.13966480446927373,0.11173184357541899,0.1340782122905028
2018-12-01,0.31521739130434767,0.24999999999999994,0.2462113740702222,0.2704762551248566,0.08015267175572487,0.04999999999999982,0.0,0.0433842239185749,0.2541899441340782,0.13966480446927373,0.07262569832402235,0.15549348230912474
2019-01-01,0.32608695652173914,0.24999999999999994,0.3087261849305593,0.2949377138174328,0.09923664122137399,0.04999999999999982,0.0,0.04974554707379127,0.29608938547486036,0.13966480446927373,0.1005586592178771,0.1787709497206704
2019-02-01,0.3478260869565217,0.21875000000000006,0.36968642105056637,0.31208750266902935,0.13740458015267157,0.0,0.12635690351257683,0.08792049455508281,0.3463687150837989,0.10893854748603352,0.1787709497206704,0.2113594040968343
2019-03-01,0.3478260869565217,0.21875000000000006,0.3632014041586965,0.30992583037173943,0.13740458015267157,0.0,0.11154161383760647,0.08298206466342602,0.3463687150837989,0.10893854748603352,0.16759776536312848,0.20763500931098697
2019-04-01,0.4021739130434782,0.21875000000000006,0.39015288936809256,0.33702560080385696,0.2328244274809159,0.0,0.17311339802963663,0.1353126085035175,0.4720670391061452,0.10893854748603352,0.21787709497206703,0.26629422718808193
2019-05-01,0.4347826086956522,0.24999999999999994,0.3927053151380018,0.3591626412778846,0.2900763358778626,0.04999999999999982,0.1789445204130605,0.17300695209697428,0.5418994413407822,0.13966480446927373,0.24581005586592178,0.3091247672253259
2019-06-01,0.5543478260869563,0.24999999999999994,0.4233566291792495,0.4092348184220686,0.49999999999999967,0.04999999999999982,0.24896871680472732,0.2663229056015756,0.7094972067039106,0.13966480446927373,0.2681564245810056,0.37243947858473
2019-07-01,0.5217391304347824,0.24999999999999994,0.39044004830887546,0.3873930595812192,0.44274809160305295,0.04999999999999982,0.17376942452291996,0.22217250537532426,0.6871508379888268,0.13966480446927373,0.22346368715083798,0.3500931098696462
2019-08-01,0.5326086956521738,0.2812500000000001,0.38767136512934613,0.4005100202605067,0.46183206106870206,0.10000000000000009,0.16744425313063424,0.24309210473311216,0.6983240223463687,0.17597765363128492,0.20670391061452514,0.3603351955307263
2019-09-01,0.4456521739130433,0.3125,0.3878718582635385,0.38200801072552726,0.3091603053435111,0.1499999999999999,0.16790228799938325,0.20902086444763143,0.5698324022346368,0.21508379888268156,0.2122905027932961,0.3324022346368715
2019-10-01,0.4130434782608693,0.3125,0.3673434961507385,0.3642956581372026,0.25190839694656436,0.1499999999999999,0.12100439454360756,0.1743042638300573,0.4972067039106145,0.21508379888268156,0.17318435754189945,0.2951582867783985
2019-11-01,0.35869565217391275,0.3125,0.3461463110771699,0.3391139877503609,0.15648854961832004,0.1499999999999999,0.07257854733377449,0.12635569898403148,0.3743016759776536,0.21508379888268156,0.1452513966480447,0.24487895716945998
2019-12-01,0.31521739130434767,0.3125,0.25871522142184716,0.29547753757539824,0.08015267175572487,0.1499999999999999,0.0,0.07671755725190826,0.2541899441340782,0.21508379888268156,0.08379888268156424,0.1843575418994413
2020-01-01,0.31521739130434767,0.2812500000000001,0.2984487195442614,0.29830537028286974,0.08015267175572487,0.10000000000000009,0.0,0.060050890585241656,0.2541899441340782,0.17597765363128492,0.09497206703910614,0.1750465549348231
2020-02-01,0.30434782608695626,0.3437499999999999,0.34949300592099997,0.33253027733598534,0.06106870229007573,0.19999999999999973,0.08022421031226755,0.113764304200781,0.2122905027932961,0.25139664804469275,0.1564245810055866,0.20670391061452512
2020-03-01,0.4130434782608693,0.37500000000000006,0.36983140525503244,0.3859582945053006,0.25190839694656436,0.25,0.1266881259323908,0.209532174292985,0.4972067039106145,0.28212290502793297,0.18435754189944134,0.32122905027932963
2020-04-01,0.35869565217391275,0.46875,0.46218514559049356,0.4298769325881355,0.15648854961832004,0.3999999999999999,0.3376740706802289,0.29805420676618294,0.3743016759776536,0.40782122905027934,0.2905027932960894,0.35754189944134085
2020-05-01,0.19565217391304318,0.4999999999999999,0.40583874761744587,0.367163640510163,0.0,0.44999999999999973,0.20894839085070954,0.21964946361690307,0.03910614525139665,0.4748603351955307,0.25139664804469275,0.25512104283054005
2020-06-01,0.043478260869565064,0.40624999999999994,0.33082441986238953,0.2601842269106515,0.0,0.2999999999999998,0.037575052277356275,0.11252501742578536,0.0223463687150838,0.32122905027932963,0.12849162011173185,0.15735567970204842
2020-07-01,0.0,0.3437499999999999,0.25470955389222616,0.19948651796407535,0.0,0.19999999999999973,0.0,0.06666666666666658,0.008379888268156424,0.25139664804469275,0.0782122905027933,0.11266294227188083
2020-08-01,0.0,0.2812500000000001,0.184257961110286,0.15516932037009537,0.0,0.10000000000000009,0.0,0.03333333333333336,0.008379888268156424,0.17597765363128492,0.0446927374301676,0.07635009310986965
2020-09-01,0.03260869565217361,0.1874999999999999,0.14682898268931455,0.12231255944716268,0.0,0.0,0.0,0.0,0.01675977653631285,0.09217877094972067,0.0335195530726257,0.04748603351955307
2020-10-01,0.09782608695652159,0.15625,0.12440246287585342,0.1261595166107917,0.0,0.0,0.0,0.0,0.027932960893854747,0.08379888268156424,0.0223463687150838,0.0446927374301676
2020-11-01,0.1847826086956521,0.09374999999999994,0.05387685457020666,0.11080315442195292,0.0,0.0,0.0,0.0,0.0335195530726257,0.06983240223463687,0.0111731843575419,0.038175046554934824
2020-12-01,0.2608695652173912,0.06250000000000006,0.0,0.10778985507246375,0.0,0.0,0.0,0.0,0.0893854748603352,0.055865921787709494,0.00558659217877095,0.05027932960893855
2021-01-01,0.2826086956521737,0.03124999999999989,0.06043229700729413,0.12476366421982259,0.022900763358778144,0.0,0.0,0.007633587786259381,0.15083798882681565,0.0335195530726257,0.01675977653631285,0.0670391061452514
2021-02-01,0.2608695652173912,0.03124999999999989,0.1299118189809954,0.14067712806612884,0.0,0.0,0.0,0.0,0.0893854748603352,0.0335195530726257,0.027932960893854747,0.05027932960893855
2021-03-01,0.2934782608695652,0.0,0.1616103091281645,0.15169618999924322,0.04198473282442727,0.0,0.0,0.013994910941475758,0.18156424581005587,0.0111731843575419,0.03910614525139665,0.07728119180633147
2021-04-01,0.2934782608695652,0.0,0.1865302871331072,0.16000284933422412,0.04198473282442727,0.0,0.0,0.013994910941475758,0.18156424581005587,0.0111731843575419,0.05027932960893855,0.08100558659217877
2021-05-01,0.3369565217391302,0.03124999999999989,0.1910326225345036,0.18641304809121126,0.11832061068702245,0.0,0.0,0.03944020356234081,0.32122905027932963,0.0335195530726257,0.055865921787709494,0.1368715083798883
2021-06-01,0.3478260869565217,0.0,0.21122859267037356,0.18635155987563176,0.13740458015267157,0.0,0.0,0.04580152671755719,0.3463687150837989,0.0111731843575419,0.061452513966480445,0.13966480446927373
2021-07-01,0.39130434782608675,0.03124999999999989,0.21603095566404906,0.2128617678300452,0.21374045801526675,0.0,0.0,0.07124681933842225,0.44692737430167595,0.0335195530726257,0.0670391061452514,0.1824953445065177
2021-08-01,0.4347826086956522,0.03124999999999989,0.2677427118727201,0.2445917735227907,0.2900763358778626,0.0,0.0,0.09669211195928752,0.5418994413407822,0.0335195530726257,0.0893854748603352,0.22160148975791435
2021-09-01,0.5326086956521738,0.06250000000000006,0.3256089873049298,0.30690589431903453,0.46183206106870206,0.0,0.025660180595848854,0.16249741388818364,0.6983240223463687,0.055865921787709494,0.12290502793296089,0.29236499068901306
2021-10-01,0.6195652173913043,0.06250000000000006,0.3834675535294155,0.3551775903069066,0.6145038167938931,0.0,0.15784047142421292,0.25744809607270197,0.7178770949720671,0.055865921787709494,0.19553072625698323,0.3230912476722532
2021-11-01,0.6521739130434783,0.09374999999999994,0.39206470249242775,0.37932953851196866,0.6717557251908398,0.0,0.17748101429243246,0.28307891316109074,0.7374301675977654,0.06983240223463687,0.24022346368715083,0.34916201117318435
2021-12-01,0.6739130434782609,0.1250000000000001,0.38546105762703914,0.39479136703510004,0.7099236641221374,0.0,0.1623947140988252,0.29077279274032086,0.7625698324022346,0.0782122905027933,0.2011173184357542,0.3472998137802607
2022-01-01,0.7173913043478259,0.1874999999999999,0.5176204808452222,0.47417059506434933,0.7862595419847326,0.0,0.46431838999688907,0.41685931066054055,0.7932960893854749,0.09217877094972067,0.3743016759776536,0.4199255121042831
2022-02-01,0.6630434782608694,0.21875000000000006,0.6003265548678828,0.49404001104291745,0.6908396946564883,0.0,0.6532638414823603,0.4480345120462828,0.7486033519553073,0.10893854748603352,0.5642458100558659,0.4739292364990689
2022-03-01,0.6304347826086953,0.24999999999999994,0.6055809792324021,0.4953385872803658,0.6335877862595416,0.04999999999999982,0.6652677915619922,0.4496185259405112,0.7262569832402235,0.13966480446927373,0.5698324022346368,0.47858472998137797
2022-04-01,0.6413043478260868,0.3125,0.6231496185287858,0.5256513221182909,0.6526717557251906,0.1499999999999999,0.7054040756628565,0.5026919437960157,0.7318435754189944,0.21508379888268156,0.5977653631284916,0.5148975791433892
2022-05-01,0.6195652173913043,0.40624999999999994,0.6324206597964589,0.5527452923959211,0.6145038167938931,0.2999999999999998,0.7265841534112086,0.5470293234017005,0.7178770949720671,0.32122905027932963,0.6145251396648045,0.5512104283054003
2022-06-01,0.6847826086956519,0.37500000000000006,0.6470303210095467,0.5689376432350662,0.7290076335877859,0.25,0.7599605295308192,0.5796560543728684,0.7737430167597765,0.28212290502793297,0.6312849162011173,0.5623836126629422
2022-07-01,0.7391304347826084,0.46875,0.6582119124888768,0.6220307824238284,0.8244274809160301,0.3999999999999999,0.7855053383656486,0.6699776064272261,0.8044692737430168,0.40782122905027934,0.659217877094972,0.6238361266294228
2022-08-01,0.782608695652174,0.4999999999999999,0.6610745487398452,0.6478944147973397,0.900763358778626,0.44999999999999973,0.7920451494408267,0.7142695027398175,0.8463687150837989,0.4748603351955307,0.6815642458100558,0.6675977653631285
2022-09-01,0.8043478260869564,0.53125,0.6990811687051369,0.6782263315973646,0.9389312977099236,0.5,0.8788728468456293,0.7726013815185176,0.8687150837988827,0.5502793296089385,0.770949720670391,0.7299813780260708
2022-10-01,0.8260869565217389,0.5624999999999999,0.7080113954726762,0.6988661173314717,0.9770992366412212,0.5499999999999998,0.8992743197531455,0.8087911854647888,0.8798882681564246,0.6033519553072626,0.8100558659217877,0.7644320297951582
2022-11-01,0.8369565217391304,0.5624999999999999,0.7009886197606937,0.7001483804999413,0.9961832061068703,0.5499999999999998,0.8832304977816399,0.8098045679628366,0.8938547486033519,0.6033519553072626,0.776536312849162,0.7579143389199254
2022-12-01,0.8478260869565215,0.5937500000000001,0.663690201239448,0.7017554293986565,1.0,0.6000000000000001,0.7980207159068538,0.7993402386356179,0.9078212290502793,0.6424581005586593,0.6927374301675978,0.7476722532588455
2023-01-01,0.858695652173913,0.6562499999999999,0.7023802748686462,0.7391086423475196,1.0,0.6999999999999997,0.8864097915129817,0.8621365971709939,0.9245810055865922,0.7122905027932961,0.7877094972067039,0.808193668528864
2023-02-01,0.8695652173913044,0.6562499999999999,0.761425345409427,0.7624135209335771,1.0,0.6999999999999997,1.0,0.8999999999999999,0.9441340782122905,0.7122905027932961,0.9162011173184358,0.8575418994413408
2023-03-01,0.8695652173913044,0.6562499999999999,0.7259813126574655,0.7505988433495899,1.0,0.6999999999999997,0.940327339809523,0.880109113269841,0.9441340782122905,0.7122905027932961,0.8547486033519553,0.8370577281191807
2023-04-01,0.8804347826086955,0.6875,0.7723838966925498,0.7801062264337485,1.0,0.75,1.0,0.9166666666666666,0.9581005586592178,0.7737430167597765,0.9273743016759777,0.8864059590316572
2023-05-01,0.902173913043478,0.7187499999999999,0.762733473324125,0.7945524621225344,1.0,0.7999999999999998,1.0,0.9333333333333332,0.9664804469273743,0.8296089385474861,0.9217877094972067,0.9059590316573557
2023-06-01,0.8804347826086955,0.7187499999999999,0.7255225562694114,0.7749024462927023,1.0,0.7999999999999998,0.9392792918410151,0.9130930972803384,0.9581005586592178,0.8296089385474861,0.8491620111731844,0.8789571694599627
2023-07-01,0.8369565217391304,0.6875,0.6936254543019024,0.7393606586803442,0.9961832061068703,0.75,0.8664090413358609,0.8708640824809105,0.8938547486033519,0.7737430167597765,0.7486033519553073,0.8054003724394786
2023-08-01,0.782608695652174,0.6562499999999999,0.6986897136293173,0.7125161364271637,0.900763358778626,0.6999999999999997,0.8779785515122932,0.8262473034303063,0.8463687150837989,0.7122905027932961,0.7653631284916201,0.7746741154562384
2023-09-01,0.782608695652174,0.5937500000000001,0.6690038911667877,0.6817875289396539,0.900763358778626,0.6000000000000001,0.81016006061931,0.7703078064659786,0.8463687150837989,0.6424581005586593,0.7039106145251397,0.7309124767225326
2023-10-01,0.793478260869565,0.5937500000000001,0.6767217102776002,0.6879833237157218,0.9198473282442745,0.6000000000000001,0.8277917380215782,0.782546355421951,0.8603351955307262,0.6424581005586593,0.7206703910614525,0.7411545623836128
2023-11-01,0.7499999999999999,0.5624999999999999,0.6638212798707065,0.658773759956902,0.8435114503816793,0.5499999999999998,0.7983201704687575,0.7306105402834788,0.8128491620111732,0.6033519553072626,0.6983240223463687,0.7048417132216015
2023-12-01,0.6739130434782609,0.4999999999999999,0.5891331967834986,0.5876820800872532,0.7099236641221374,0.44999999999999973,0.6276921513509554,0.5958719384910308,0.7625698324022346,0.4748603351955307,0.547486033519553,0.5949720670391061
2024-01-01,0.6630434782608694,0.46875,0.6586971051201542,0.5968301944603412,0.6908396946564883,0.3999999999999999,0.786613781026692,0.6258178252277268,0.7486033519553073,0.40782122905027934,0.664804469273743,0.6070763500931099
2024-02-01,0.6630434782608694,0.46875,0.7162018935938107,0.6159984572848933,0.6908396946564883,0.3999999999999999,0.9179858519311166,0.6696085155292016,0.7486033519553073,0.40782122905027934,0.8324022346368715,0.6629422718808193
2024-03-01,0.6847826086956519,0.4375000000000001,0.7433868622936605,0.6218898236631042,0.7290076335877859,0.3500000000000001,0.9800910388271138,0.6863662241383,0.7737430167597765,0.36033519553072624,0.888268156424581,0.6741154562383612
2024-04-01,0.6956521739130433,0.46875,0.7500412435867756,0.638147805833273,0.748091603053435,0.3999999999999999,0.9952932484911781,0.7144616171815376,0.7849162011173184,0.40782122905027934,0.8938547486033519,0.6955307262569832
2024-05-01,0.6956521739130433,0.46875,0.7357882339785741,0.6333968026305392,0.748091603053435,0.3999999999999999,0.9627316577341251,0.7036077535958533,0.7849162011173184,0.40782122905027934,0.8715083798882681,0.6880819366852885
2024-06-01,0.7282608695652174,0.4375000000000001,0.7220049856798565,0.6292552850816914,0.8053435114503817,0.3500000000000001,0.9312432561443701,0.6955289225315839,0.7988826815642458,0.36033519553072624,0.8435754189944135,0.6675977653631285
2024-07-01,0.7499999999999999,0.46875,0.7094580126039096,0.6427360042013032,0.8435114503816793,0.3999999999999999,0.9025791765029971,0.7153635422948922,0.8128491620111732,0.40782122905027934,0.8268156424581006,0.6824953445065177
2024-08-01,0.782608695652174,0.46875,0.7264527928921243,0.6592704961814327,0.900763358778626,0.3999999999999999,0.9414044559325745,0.7473892715704,0.8463687150837989,0.40782122905027934,0.8603351955307262,0.7048417132216015
2024-09-01,0.7717391304347825,0.4999999999999999,0.7587375759916815,0.6768255688088213,0.8816793893129768,0.44999999999999973,1.0,0.7772264631043256,0.8296089385474861,0.4748603351955307,0.9050279329608939,0.7364990689013036
2024-10-01,0.7717391304347825,0.4375000000000001,0.7603617216845894,0.6565336173731241,0.8816793893129768,0.3500000000000001,1.0,0.7438931297709924,0.8296089385474861,0.36033519553072624,0.9106145251396648,0.7001862197392924
2024-11-01,0.7608695652173914,0.40624999999999994,0.7409016280576763,0.6360070644250225,0.8625954198473285,0.2999999999999998,0.9744134182857673,0.7123362793776985,0.8212290502793296,0.32122905027932963,0.8770949720670391,0.6731843575418995
2024-12-01,0.8043478260869564,0.37500000000000006,0.7016933696065003,0.627013731897819,0.9389312977099236,0.25,0.8848405279925258,0.6912572752341498,0.8687150837988827,0.28212290502793297,0.7821229050279329,0.6443202979515829
2025-01-01,0.8260869565217389,0.4999999999999999,0.7887640534048963,0.7049503366422117,0.9770992366412212,0.44999999999999973,1.0,0.809033078880407,0.8798882681564246,0.4748603351955307,0.9329608938547486,0.7625698324022346
2025-02-01,0.8369565217391304,0.4999999999999999,0.8463551955634023,0.7277705724341775,0.9961832061068703,0.44999999999999973,1.0,0.8153944020356233,0.8938547486033519,0.4748603351955307,0.9385474860335196,0.7690875232774674
2025-03-01,0.858695652173913,0.53125,0.8779483360370516,0.7559646627369881,1.0,0.5,1.0,0.8333333333333334,0.9245810055865922,0.5502793296089385,0.9441340782122905,0.8063314711359405
2025-04-01,0.8478260869565215,0.625,0.909653764193813,0.7941599503834449,1.0,0.6499999999999999,1.0,0.8833333333333333,0.9078212290502793,0.6787709497206704,0.9497206703910615,0.845437616387337
2025-05-01,0.8695652173913044,0.6875,0.9201123933609592,0.8257258702507545,1.0,0.75,1.0,0.9166666666666666,0.9441340782122905,0.7737430167597765,0.9553072625698324,0.8910614525139664
2025-06-01,0.858695652173913,0.7187499999999999,0.9358307616762529,0.837758804616722,1.0,0.7999999999999998,1.0,0.9333333333333332,0.9245810055865922,0.8296089385474861,0.9720670391061452,0.9087523277467412
2025-07-01,0.858695652173913,0.78125,0.9302190604312446,0.8567215708683859,1.0,0.8999999999999999,1.0,0.9666666666666667,0.9245810055865922,0.8603351955307262,0.9664804469273743,0.9171322160148976
2025-08-01,0.923913043478261,0.8749999999999999,0.9486639565914873,0.9158590000232493,1.0,1.0,1.0,1.0,0.9720670391061452,0.9273743016759777,0.9776536312849162,0.9590316573556796
2025-09-01,0.9456521739130435,0.84375,0.9684959692499043,0.9192993810543159,1.0,1.0,1.0,1.0,0.9776536312849162,0.9050279329608939,0.9832402234636871,0.9553072625698324
2025-10-01,1.0,0.8124999999999999,1.0,0.9375,1.0,0.9499999999999997,1.0,0.9833333333333333,0.9972067039106145,0.8798882681564246,1.0,0.9590316573556796
2025-11-01,0.967391304347826,0.84375,0.9929551033202063,0.9346988025560109,1.0,1.0,1.0,1.0,0.9832402234636871,0.9050279329608939,0.994413407821229,0.9608938547486033
2025-12-01,0.9891304347826085,0.8749999999999999,0.9262645121221862,0.9301316489682648,1.0,1.0,1.0,1.0,0.9888268156424581,0.9273743016759777,0.9608938547486033,0.9590316573556797
2026-01-01,1.0,0.84375,0.988378537786492,0.9440428459288306,1.0,1.0,1.0,1.0,0.9972067039106145,0.9050279329608939,0.9888268156424581,0.9636871508379888
